ts,idx,r_face,g_face,b_face,conf,r_combined,g_combined,b_combined
0.04055366598186083,0,132.2027749928543,84.97615299458668,53.66099412820449,0.0,132.2027749928543,84.97615299458668,53.66099412820449
0.3446563750039786,1,153.85405817296368,103.570024378269,70.60232061822609,0.0,153.85405817296368,103.570024378269,70.60232061822609
0.4411764579999726,2,155.50822416893396,107.00098237281476,74.00996040610438,0.0,155.50822416893396,107.00098237281476,74.00996040610438
0.5417873330006842,3,155.970087332361,106.53317503231239,72.3912480879371,0.0,155.970087332361,106.53317503231239,72.3912480879371
0.6420807499962393,4,157.88507126241637,107.40909111360743,73.53865628013637,0.0,157.88507126241637,107.40909111360743,73.53865628013637
0.7418267909961287,5,159.5286349690521,107.90710585191296,73.5729248882849,0.0,159.5286349690521,107.90710585191296,73.5729248882849
0.8431766249996144,6,157.38442482919945,105.80227506497323,72.02473658197017,0.0,157.38442482919945,105.80227506497323,72.02473658197017
0.9451002499845345,7,156.3124050318886,104.71008902822058,70.97516690022607,0.0,156.3124050318886,104.71008902822058,70.97516690022607
1.045046540995827,8,154.73281736760126,103.05930655857642,69.22575787076372,0.0,154.73281736760126,103.05930655857642,69.22575787076372
1.1446584579825867,9,156.29508172058542,104.03139442518776,69.8979831624302,0.0,156.29508172058542,104.03139442518776,69.8979831624302
1.2446104160044342,10,157.59965792337604,105.39622276653346,70.75369133955527,0.0,157.59965792337604,105.39622276653346,70.75369133955527
1.3428217500040773,11,160.57061509948807,106.65551349850286,70.99776785714286,0.0,160.57061509948807,106.65551349850286,70.99776785714286
1.4441102079872508,12,163.58613409064841,107.06692416671916,70.41217778165482,0.0,163.58613409064841,107.06692416671916,70.41217778165482
4.246063333004713,95,191.75417571795325,130.16994418517632,87.7368284291817,0.0,191.75417571795325,130.16994418517632,87.7368284291817
4.3466893330041785,96,171.7933832783226,119.00923705269157,87.02961674542303,0.0,171.7933832783226,119.00923705269157,87.02961674542303
4.4126859579992015,97,169.3008468569081,116.07990024042982,83.98540350836586,0.0,169.3008468569081,116.07990024042982,83.98540350836586
4.480807582993293,98,164.50008876477813,113.08970520497466,81.43790543912175,0.0,164.50008876477813,113.08970520497466,81.43790543912175
4.578523040981963,99,161.29306579281294,114.30245762099621,85.02965557739367,0.0,161.29306579281294,114.30245762099621,85.02965557739367
4.67860354098957,100,154.86734770784525,109.50584265499288,80.42702098394015,0.0,154.86734770784525,109.50584265499288,80.42702098394015
4.778908332984429,101,148.44425275630613,105.9263370893304,79.98648125143659,0.0,148.44425275630613,105.9263370893304,79.98648125143659
4.880157999985386,102,142.63120193231617,96.77603772186654,68.20121008411806,0.0,142.63120193231617,96.77603772186654,68.20121008411806
4.979896790988278,103,139.85590375772847,94.42656301362149,64.72124865598967,0.0,139.85590375772847,94.42656301362149,64.72124865598967
5.079840457998216,104,135.18977636690315,90.16257110595053,61.55122682176819,0.0,135.18977636690315,90.16257110595053,61.55122682176819
5.178547957999399,105,131.65535697339703,86.33450669028564,58.03272451206782,0.0,131.65535697339703,86.33450669028564,58.03272451206782
5.280393249995541,106,125.44618399228737,83.8932618569729,57.81484179210759,0.0,125.44618399228737,83.8932618569729,57.81484179210759
5.413324833003571,108,118.40290167061978,77.84760321061496,51.65594599704376,0.0,118.40290167061978,77.84760321061496,51.65594599704376
5.54632662498625,110,125.2328046736846,83.16737339789586,55.97885670021326,0.0,125.2328046736846,83.16737339789586,55.97885670021326
5.646360207989346,111,128.36455113910242,85.3594773422111,58.70691067148583,0.0,128.36455113910242,85.3594773422111,58.70691067148583
5.745971083000768,112,128.45224900702775,85.05039800840999,58.80397698817539,0.0,128.45224900702775,85.05039800840999,58.80397698817539
5.81547866598703,113,133.9020427509024,88.56279069017606,61.40924501564588,0.0,133.9020427509024,88.56279069017606,61.40924501564588
5.944597958005033,115,139.53792111716953,92.84910198542565,65.25056050030892,0.0,139.53792111716953,92.84910198542565,65.25056050030892
6.0485660409904085,116,149.53140877901538,101.39324576601456,73.31977300028754,0.0,149.53140877901538,101.39324576601456,73.31977300028754
6.145083082985366,117,154.28787484607247,102.94781928762625,73.59367899821358,0.0,154.28787484607247,102.94781928762625,73.59367899821358
6.24491270800354,118,153.1784860395436,104.24444877770517,77.66628200893201,0.0,153.1784860395436,104.24444877770517,77.66628200893201
6.345586124982219,119,155.0763747055975,104.89212159312746,77.95813393171366,0.0,155.0763747055975,104.89212159312746,77.95813393171366
6.4445614159922116,120,159.10109953581414,108.27675478449521,80.4472821531461,0.0,159.10109953581414,108.27675478449521,80.4472821531461
6.546048582997173,121,153.08751563827323,102.2379226195073,74.8344536257626,0.0,153.08751563827323,102.2379226195073,74.8344536257626
6.646171290980419,122,155.97603038941895,108.88468477374391,82.41197404745948,0.0,155.97603038941895,108.88468477374391,82.41197404745948
6.745691457996145,123,153.99265832763888,105.06736562715444,77.60691614757005,0.0,153.99265832763888,105.06736562715444,77.60691614757005
6.846175874990877,124,152.5640809979744,102.87660305841126,75.0162348915819,0.0,152.5640809979744,102.87660305841126,75.0162348915819
6.947265458002221,125,151.70973365726368,101.79981553965898,74.03506513956643,0.0,151.70973365726368,101.79981553965898,74.03506513956643
7.046976999990875,126,155.3156472451392,104.14245506664803,75.04291391202266,0.0,155.3156472451392,104.14245506664803,75.04291391202266
7.146287790994393,127,159.83759236876082,107.21999732164932,76.5765544735324,0.0,159.83759236876082,107.21999732164932,76.5765544735324
7.247675165999681,128,155.73826973251596,104.87657411139158,76.00002828274258,0.0,155.73826973251596,104.87657411139158,76.00002828274258
7.346430374978809,129,154.88794928545306,106.0699728879098,78.53120637640647,0.0,154.88794928545306,106.0699728879098,78.53120637640647
7.413613707991317,130,153.08176411392498,103.38402074917104,75.28398889419805,0.0,153.08176411392498,103.38402074917104,75.28398889419805
7.482092666003155,131,151.53300384404173,103.23244024393769,76.14062448818366,0.0,151.53300384404173,103.23244024393769,76.14062448818366
7.546336250001332,132,152.05848380270353,103.47228144152209,75.97838070222966,0.0,152.05848380270353,103.47228144152209,75.97838070222966
7.612665458000265,133,154.0840906259169,104.58821838964964,76.181846681913,0.0,154.0840906259169,104.58821838964964,76.181846681913
7.681300083000679,134,155.31135570448455,104.93780557609291,75.67095566314484,0.0,155.31135570448455,104.93780557609291,75.67095566314484
7.745457082986832,135,155.54874230831223,105.25769737653005,75.69541200898826,0.0,155.54874230831223,105.25769737653005,75.69541200898826
7.814157832995988,136,152.46429085965696,102.786391627663,73.88605139988401,0.0,152.46429085965696,102.786391627663,73.88605139988401
7.880302082980052,137,149.99305104799913,101.10183450849193,72.44558230622864,0.0,149.99305104799913,101.10183450849193,72.44558230622864
7.946798416000092,138,148.44573455924922,100.30859601145677,72.15190514640909,0.0,148.44573455924922,100.30859601145677,72.15190514640909
8.013320875004865,139,147.4754728008182,99.95522677826948,72.77483092454601,0.0,147.4754728008182,99.95522677826948,72.77483092454601
8.079312665999169,140,149.38348907040717,102.08224177393276,75.0341704638515,0.0,149.38348907040717,102.08224177393276,75.0341704638515
8.147436250001192,141,151.73431774112035,103.36226573089424,75.7651525564223,0.0,151.73431774112035,103.36226573089424,75.7651525564223
8.213223625003593,142,152.4567284403119,103.7567100068161,75.60663991666345,0.0,152.4567284403119,103.7567100068161,75.60663991666345
8.311676207988057,143,151.7745054107478,103.54516634280354,75.6673122989815,0.0,151.7745054107478,103.54516634280354,75.6673122989815
8.381844082992757,144,151.71968460557056,103.86308261395456,76.32962943018575,0.0,151.71968460557056,103.86308261395456,76.32962943018575
8.44564579098369,145,150.6114990303171,103.54262253642527,76.75143173266588,0.0,150.6114990303171,103.54262253642527,76.75143173266588
8.512322291004239,146,151.06404086862523,103.5419955174731,76.34815753118778,0.0,151.06404086862523,103.5419955174731,76.34815753118778
8.579961832991103,147,152.29509081777852,103.90941031221227,76.03014145810664,0.0,152.29509081777852,103.90941031221227,76.03014145810664
8.644634166004835,148,154.1009420406214,104.87922487514257,76.32431024757388,0.0,154.1009420406214,104.87922487514257,76.32431024757388
8.712891915987711,149,153.63955159761042,104.46396304420342,76.11547877770927,0.0,153.63955159761042,104.46396304420342,76.11547877770927
8.780909041000996,150,153.6744084033745,104.1353093691986,75.73566734292629,0.0,153.6744084033745,104.1353093691986,75.73566734292629
8.846160624991171,151,153.8312206941422,103.91788751037623,74.92149769292323,0.0,153.8312206941422,103.91788751037623,74.92149769292323
8.91253229099675,152,152.2038600876487,102.69764455433189,74.05314267420766,0.0,152.2038600876487,102.69764455433189,74.05314267420766
8.979084958002204,153,151.7700794551646,102.58026242905788,74.10070737797957,0.0,151.7700794551646,102.58026242905788,74.10070737797957
9.045972833002452,154,151.7191494462465,102.5424604889885,74.06323578021308,0.0,151.7191494462465,102.5424604889885,74.06323578021308
9.112270624988014,155,152.63401121558192,102.90874362086362,74.17384700308538,0.0,152.63401121558192,102.90874362086362,74.17384700308538
9.18196479100152,156,151.9018525847189,101.73946575848954,73.68429882891972,0.0,151.9018525847189,101.73946575848954,73.68429882891972
9.280488916003378,157,152.4569666131776,102.84257718548605,74.92035932803878,0.0,152.4569666131776,102.84257718548605,74.92035932803878
9.381419290992199,158,154.45144009675207,104.12759935852476,75.39669481019233,0.0,154.45144009675207,104.12759935852476,75.39669481019233
9.481531875004293,159,154.62423895828033,104.17092639596265,75.55343677992316,0.0,154.62423895828033,104.17092639596265,75.55343677992316
9.57750099999248,160,154.3529457868768,103.69486412543222,74.6311491694782,0.0,154.3529457868768,103.69486412543222,74.6311491694782
9.680199499998707,161,151.56354402077446,101.84875036786549,73.95364432080463,0.0,151.56354402077446,101.84875036786549,73.95364432080463
9.776349916006438,162,151.0567155801892,101.66663248656631,73.84793633146782,0.0,151.0567155801892,101.66663248656631,73.84793633146782
9.8780542909808,163,153.03053230026345,102.7724547551087,74.55751515075019,0.0,153.03053230026345,102.7724547551087,74.55751515075019
9.977048832981382,164,152.10991178147665,102.35833463475933,74.40798978713514,0.0,152.10991178147665,102.35833463475933,74.40798978713514
10.079063665994909,165,151.4273967921748,101.79053919370111,73.90722508169063,0.0,151.4273967921748,101.79053919370111,73.90722508169063
10.176360624987865,166,154.81210244995282,104.08238605666371,75.36634574517898,0.0,154.81210244995282,104.08238605666371,75.36634574517898
10.246443957992597,167,154.4476952315197,104.23495746826977,75.44501081498024,0.0,154.4476952315197,104.23495746826977,75.44501081498024
10.346007624990307,168,153.73877241255414,102.74336628726566,73.90851479993914,0.0,153.73877241255414,102.74336628726566,73.90851479993914
10.444034082989674,169,154.84982836261628,103.7651963679315,74.6632899010778,0.0,154.84982836261628,103.7651963679315,74.6632899010778
10.54582562498399,170,157.93410329581067,105.31010912728324,75.72974104218063,0.0,157.93410329581067,105.31010912728324,75.72974104218063
10.643891874991823,171,160.60207877481378,107.68738729182137,77.14156776514628,0.0,160.60207877481378,107.68738729182137,77.14156776514628
10.746314082993194,172,159.7108601623116,105.19829290406967,73.78363097892327,0.0,159.7108601623116,105.19829290406967,73.78363097892327
10.814926666003885,173,155.94813285343554,101.59782985313147,70.63272792199068,0.0,155.94813285343554,101.59782985313147,70.63272792199068
10.912126540992176,174,156.35721347336425,100.93580010550274,69.46496829384358,0.0,156.35721347336425,100.93580010550274,69.46496829384358
11.013974290981423,175,157.79950791280547,102.58413570181179,71.5038705315337,0.0,157.79950791280547,102.58413570181179,71.5038705315337
11.111219874990638,176,159.91382538214177,103.69128746163899,71.81824222134121,0.0,159.91382538214177,103.69128746163899,71.81824222134121
11.212109832995338,177,159.57009068211138,103.02020995182802,71.02484522781909,0.0,159.57009068211138,103.02020995182802,71.02484522781909
11.31199225000455,178,158.3314956746161,103.479306773735,72.6694853402884,0.0,158.3314956746161,103.479306773735,72.6694853402884
11.411901999992551,179,157.1994403168265,102.71554893682017,72.25534135582248,0.0,157.1994403168265,102.71554893682017,72.25534135582248
11.51221537499805,180,155.76826361933715,101.59908616306109,71.2999701419614,0.0,155.76826361933715,101.59908616306109,71.2999701419614
11.611289249995025,181,154.79908918512592,101.81694234955854,72.22825455802146,0.0,154.79908918512592,101.81694234955854,72.22825455802146
11.7115049159911,182,156.97498859081975,105.3308484701044,75.90642341288093,0.0,156.97498859081975,105.3308484701044,75.90642341288093
11.812662415992236,183,156.7051501696399,103.80211984393878,73.97036819523362,0.0,156.7051501696399,103.80211984393878,73.97036819523362
11.911593124998035,184,153.13911095327327,98.86530367829293,67.96762414616454,0.0,153.13911095327327,98.86530367829293,67.96762414616454
12.012148790992796,185,152.6575173132226,99.88326596337814,71.30895665825459,0.0,152.6575173132226,99.88326596337814,71.30895665825459
12.081717583001591,186,148.45418983371928,98.27810718187955,71.10110903524375,0.0,148.45418983371928,98.27810718187955,71.10110903524375
12.146894415986026,187,147.99778131390062,98.51473517505698,71.62548238469068,0.0,147.99778131390062,98.51473517505698,71.62548238469068
12.213569540996104,188,147.271003779768,98.05716200867671,71.28829016701734,0.0,147.271003779768,98.05716200867671,71.28829016701734
12.278540290979436,189,148.6088059631522,99.1247330176738,72.1593042989077,0.0,148.6088059631522,99.1247330176738,72.1593042989077
12.348995915992418,190,149.7934103210499,99.99554941795803,72.81690702157633,0.0,149.7934103210499,99.99554941795803,72.81690702157633
12.414987875003135,191,151.33476728778618,101.92076122943392,75.21018835770995,0.0,151.33476728778618,101.92076122943392,75.21018835770995
12.51416154098115,192,152.47975006035884,102.44594010241183,74.91799486139088,0.0,152.47975006035884,102.44594010241183,74.91799486139088
12.61269858299056,193,153.70258212332408,102.43796025232892,74.41837614357651,0.0,153.70258212332408,102.43796025232892,74.41837614357651
12.681954290979775,194,152.91282879251244,101.54674668461375,73.61424700717302,0.0,152.91282879251244,101.54674668461375,73.61424700717302
12.747819457988953,195,151.98447034377946,100.96682595869171,73.52459491096202,0.0,151.98447034377946,100.96682595869171,73.52459491096202
12.814305957988836,196,150.82247166052824,100.65955373393142,73.88003733214865,0.0,150.82247166052824,100.65955373393142,73.88003733214865
12.882018749980489,197,150.94960064594972,101.06818115689013,74.39750640130354,0.0,150.94960064594972,101.06818115689013,74.39750640130354
12.980375832994469,198,152.30559339411914,101.83969204291625,74.87011790984657,0.0,152.30559339411914,101.83969204291625,74.87011790984657
13.081632665998768,199,152.5417128188241,101.69794223745659,74.51212055442463,0.0,152.5417128188241,101.69794223745659,74.51212055442463
13.180283624998992,200,153.2329445864482,102.26069300718328,74.75506725179211,0.0,153.2329445864482,102.26069300718328,74.75506725179211
13.249622915987857,201,153.38278505416207,102.46146896424075,74.69744739103902,0.0,153.38278505416207,102.46146896424075,74.69744739103902
13.314165916002821,202,153.9788012134365,102.13911442400845,73.99220427029316,0.0,153.9788012134365,102.13911442400845,73.99220427029316
13.408254582987865,203,150.9527746179473,98.62279797713491,70.60752693128121,0.0,150.9527746179473,98.62279797713491,70.60752693128121
13.505385665979702,204,150.1367068005154,99.03340964202123,71.70416300855403,0.0,150.1367068005154,99.03340964202123,71.70416300855403
13.575257874996169,205,150.12867047495777,98.97524181790436,71.61522777123042,0.0,150.12867047495777,98.97524181790436,71.61522777123042
13.640339250006946,206,150.3670345800988,98.68869254293108,71.7127809927076,0.0,150.3670345800988,98.68869254293108,71.7127809927076
13.711538915988058,207,146.53172262187275,97.49049455822292,72.16508521607166,0.0,146.53172262187275,97.49049455822292,72.16508521607166
13.78111195800011,208,148.88475754625847,98.33517211026694,72.09408905946373,0.0,148.88475754625847,98.33517211026694,72.09408905946373
13.847489207983017,209,152.53446203459396,102.17433304016417,75.14655159777192,0.0,152.53446203459396,102.17433304016417,75.14655159777192
13.914693500002613,210,152.49365763276762,102.35687007557485,75.2435955064392,0.0,152.49365763276762,102.35687007557485,75.2435955064392
13.981425165984547,211,152.6332935475793,102.20347397262277,74.79017797575202,0.0,152.6332935475793,102.20347397262277,74.79017797575202
14.048617249995004,212,153.46431888135365,102.75896885736128,75.41916397094643,0.0,153.46431888135365,102.75896885736128,75.41916397094643
14.116532874992117,213,154.24294729979195,103.61774218360829,76.13213694435491,0.0,154.24294729979195,103.61774218360829,76.13213694435491
14.21431162499357,214,156.87938292257064,105.20410445439272,76.96874347983645,0.0,156.87938292257064,105.20410445439272,76.96874347983645
14.314339582982939,215,156.15903761851362,104.40666913486183,76.30174758948549,0.0,156.15903761851362,104.40666913486183,76.30174758948549
14.413933999981964,216,157.0744095251082,105.3613541270445,77.65700962414864,0.0,157.0744095251082,105.3613541270445,77.65700962414864
14.514055874984479,217,158.08285081420354,105.86707167878663,77.17690595056268,0.0,158.08285081420354,105.86707167878663,77.17690595056268
14.61398762499448,218,147.995378818781,97.9121617753351,70.74794793075563,0.0,147.995378818781,97.9121617753351,70.74794793075563
14.714724290999584,219,146.19062148253832,95.95393183982773,68.32565624776483,0.0,146.19062148253832,95.95393183982773,68.32565624776483
14.812992166000186,220,147.0714355195419,96.80001651815621,69.35780345229465,0.0,147.0714355195419,96.80001651815621,69.35780345229465
14.915314874990145,221,144.9421678165389,94.55273997866816,66.84149751703913,0.0,144.9421678165389,94.55273997866816,66.84149751703913
15.014340458001243,222,148.32047027966212,94.67618302450707,64.81535045274633,0.0,148.32047027966212,94.67618302450707,64.81535045274633
15.112275332998252,223,142.709532042993,94.31332824737774,68.45774189462647,0.0,142.709532042993,94.31332824737774,68.45774189462647
15.212143290991662,224,136.7013834418456,88.33128453068275,63.02358266147179,0.0,136.7013834418456,88.33128453068275,63.02358266147179
15.312718208006117,225,142.67022344715951,92.86427160088846,66.35277887208007,0.0,142.67022344715951,92.86427160088846,66.35277887208007
15.413505790987983,226,138.17976508106912,91.95569852070538,68.8072117585766,0.0,138.17976508106912,91.95569852070538,68.8072117585766
15.513435625005513,227,127.12069128658788,83.0797423712939,61.93462896109749,0.0,127.12069128658788,83.0797423712939,61.93462896109749
15.617050750006456,228,129.19135832014513,83.0817045586135,61.486449222217935,0.0,129.19135832014513,83.0817045586135,61.486449222217935
15.712582790991291,229,137.57131591968005,87.68023371679105,63.26681750711252,0.0,137.57131591968005,87.68023371679105,63.26681750711252
15.81336050000391,230,143.1798395149719,89.79789492687532,63.15483589493816,0.0,143.1798395149719,89.79789492687532,63.15483589493816
15.948953874991275,232,152.70962807735117,95.41938449820844,66.71968936663532,0.0,152.70962807735117,95.41938449820844,66.71968936663532
16.07953129100497,234,157.82541403580333,99.64981873577045,70.5005785471391,0.0,157.82541403580333,99.64981873577045,70.5005785471391
16.179363832983654,235,159.97439071821026,105.67150549709396,77.28956109069064,0.0,159.97439071821026,105.67150549709396,77.28956109069064
16.280243874993175,236,159.10091651618865,107.89648861266255,80.37659401727348,0.0,159.10091651618865,107.89648861266255,80.37659401727348
16.38239587499993,237,153.71790571389172,103.02955339140028,76.3239542918479,0.0,153.71790571389172,103.02955339140028,76.3239542918479
16.480981875007274,238,150.70643665903222,98.9572748990981,71.07891695778154,0.0,150.70643665903222,98.9572748990981,71.07891695778154
16.548631999990903,239,152.51623823319773,99.31883222487646,70.1059182572148,0.0,152.51623823319773,99.31883222487646,70.1059182572148
16.615006499981973,240,153.3015932602907,99.12676939194203,69.37797546815662,0.0,153.3015932602907,99.12676939194203,69.37797546815662
16.7161223749863,241,152.12303072007523,97.53231244294447,67.71695102215828,0.0,152.12303072007523,97.53231244294447,67.71695102215828
16.814060415985296,242,153.00252462185887,98.66433742267708,68.92640200610599,0.0,153.00252462185887,98.66433742267708,68.92640200610599
16.91442191597889,243,153.14498333185827,99.69180163436292,70.77793020031271,0.0,153.14498333185827,99.69180163436292,70.77793020031271
17.01828749998822,244,151.90484792845086,97.98266494088381,69.1837523234484,0.0,151.90484792845086,97.98266494088381,69.1837523234484
17.11555791599676,245,151.5896807705249,97.98620983344549,69.3890495317407,0.0,151.5896807705249,97.98620983344549,69.3890495317407
17.214684874983504,246,154.19770784675558,99.43325232944538,70.17456396214061,0.0,154.19770784675558,99.43325232944538,70.17456396214061
17.313413958007004,247,156.9572447403253,103.22236552464743,74.11668504029711,0.0,156.9572447403253,103.22236552464743,74.11668504029711
17.417369083006633,248,155.38345927484843,104.77332442081699,77.92782428417001,0.0,155.38345927484843,104.77332442081699,77.92782428417001
17.51451566600008,249,152.70709537184717,102.36561031207215,75.92954205422801,0.0,152.70709537184717,102.36561031207215,75.92954205422801
17.615385665994836,250,155.19182782561788,105.08753221839382,78.66123129189731,0.0,155.19182782561788,105.08753221839382,78.66123129189731
17.714666832995135,251,155.20468578620876,105.26109682639576,78.48057538433876,0.0,155.20468578620876,105.26109682639576,78.48057538433876
17.815345665992936,252,153.7482736985745,103.97601744318982,77.96386062276724,0.0,153.7482736985745,103.97601744318982,77.96386062276724
17.91580312498263,253,152.83102668443988,103.28614463128203,77.45518125512181,0.0,152.83102668443988,103.28614463128203,77.45518125512181
18.01544891600497,254,153.5183635477922,103.87473120150318,77.87742788545182,0.0,153.5183635477922,103.87473120150318,77.87742788545182
18.11543641600292,255,154.54845403647232,104.53462159227115,77.99858489818835,0.0,154.54845403647232,104.53462159227115,77.99858489818835
18.215231540991226,256,154.32791789347948,103.69876637642284,76.7067699110408,0.0,154.32791789347948,103.69876637642284,76.7067699110408
18.314710457983892,257,156.8722849318496,105.40580407720698,77.73817533519146,0.0,156.8722849318496,105.40580407720698,77.73817533519146
18.416057833004743,258,155.24958366287802,103.8681797581068,76.24279963387215,0.0,155.24958366287802,103.8681797581068,76.24279963387215
18.513797166000586,259,155.80008399832002,106.28436495647769,79.02300941105642,0.0,155.80008399832002,106.28436495647769,79.02300941105642
18.615565207990585,260,156.11344097531295,105.96369430579186,78.73891937367841,0.0,156.11344097531295,105.96369430579186,78.73891937367841
18.71516366599826,261,155.47406451279323,105.09516449506589,77.50317799739999,0.0,155.47406451279323,105.09516449506589,77.50317799739999
18.816057624993846,262,156.055158258535,104.64859392701065,76.63528133511576,0.0,156.055158258535,104.64859392701065,76.63528133511576
18.914398124994477,263,154.7044901194723,102.0031616958087,73.40122486031734,0.0,154.7044901194723,102.0031616958087,73.40122486031734
19.015291832998628,264,149.89672085564823,97.88508919334811,70.61529334758723,0.0,149.89672085564823,97.88508919334811,70.61529334758723
19.114453165995656,265,144.34001313561254,92.92028135198883,66.36852822046218,0.0,144.34001313561254,92.92028135198883,66.36852822046218
19.215926250006305,266,145.3813690862592,93.67181730977293,67.44271506874055,0.0,145.3813690862592,93.67181730977293,67.44271506874055
19.314699790993473,267,145.41396224065528,93.12542460237846,66.73482500501567,0.0,145.41396224065528,93.12542460237846,66.73482500501567
19.41814566598623,268,148.31888359432804,95.80028814629279,69.24447634756756,0.0,148.31888359432804,95.80028814629279,69.24447634756756
19.51368316600565,269,153.8113701354685,98.9517469205883,70.93283425381352,0.0,153.8113701354685,98.9517469205883,70.93283425381352
19.614065957983257,270,159.48860489046874,102.22513255187313,72.58704054798915,0.0,159.48860489046874,102.22513255187313,72.58704054798915
19.71287483299966,271,162.88258851021402,102.53724601674416,70.82406413310756,0.0,162.88258851021402,102.53724601674416,70.82406413310756
19.814464458002476,272,162.79798897178074,102.19580049989506,70.3570929766652,0.0,162.79798897178074,102.19580049989506,70.3570929766652
21.67949204100296,326,179.6092130294312,117.09958734991335,82.82826380251504,0.0,179.6092130294312,117.09958734991335,82.82826380251504
21.777644165995298,327,172.56728213997962,115.43922849471367,83.81610067155079,0.0,172.56728213997962,115.43922849471367,83.81610067155079
21.84618933298043,328,168.84781137339945,113.32446095832701,82.74435602106638,0.0,168.84781137339945,113.32446095832701,82.74435602106638
21.9140182499832,329,167.19028554643288,110.32455871870769,79.21831638322915,0.0,167.19028554643288,110.32455871870769,79.21831638322915
21.978258916002233,330,166.62763228760625,108.8042062949978,77.4224536583252,0.0,166.62763228760625,108.8042062949978,77.4224536583252
22.047297124983743,331,164.8764146495622,106.46620179073994,74.74436559259328,0.0,164.8764146495622,106.46620179073994,74.74436559259328
22.11225474998355,332,168.369921524226,109.68699683754343,77.45036700113224,0.0,168.369921524226,109.68699683754343,77.45036700113224
22.182665208005346,333,165.28358331165015,107.70792294493441,76.07898380766439,0.0,165.28358331165015,107.70792294493441,76.07898380766439
22.28178587500588,334,165.59166496550404,109.96018376169512,78.96362703529807,0.0,165.59166496550404,109.96018376169512,78.96362703529807
22.38034933299059,335,165.31685855356932,107.38726438581621,75.04374565261185,0.0,165.31685855356932,107.38726438581621,75.04374565261185
22.4465004579979,336,168.67201718648042,110.36462000714234,77.41538855618232,0.0,168.67201718648042,110.36462000714234,77.41538855618232
22.513335665978957,337,168.13619129236736,110.84828063815286,78.39171190661962,0.0,168.13619129236736,110.84828063815286,78.39171190661962
22.58116170798894,338,167.64785220274752,109.41608147797253,76.44470108953102,0.0,167.64785220274752,109.41608147797253,76.44470108953102
22.64746320800623,339,165.28311385865317,107.8079557294856,75.0365491759572,0.0,165.28311385865317,107.8079557294856,75.0365491759572
22.715209916001186,340,165.81885527805863,106.9928535992615,73.68898713271079,0.0,165.81885527805863,106.9928535992615,73.68898713271079
22.981370624998817,347,160.78047431425438,102.85432348081513,70.51688767752655,0.0,160.78047431425438,102.85432348081513,70.51688767752655
25.115706874988973,409,161.25846425683287,102.68889912073632,68.87388572844262,0.0,161.25846425683287,102.68889912073632,68.87388572844262
25.216558040992822,410,165.50585451164727,105.47987924731113,70.83366382122014,0.0,165.50585451164727,105.47987924731113,70.83366382122014
28.515080040990142,507,169.60384471090126,107.47979921264357,75.93492759630207,0.0,169.60384471090126,107.47979921264357,75.93492759630207
28.616139249992557,508,169.57293954357317,110.42907323563195,81.16214918191017,0.0,169.57293954357317,110.42907323563195,81.16214918191017
28.71542558298097,509,169.46632327509093,112.03201294054506,83.41655733794502,0.0,169.46632327509093,112.03201294054506,83.41655733794502
28.81679250000161,510,169.4534269561858,112.52468069043414,83.99932319052998,0.0,169.4534269561858,112.52468069043414,83.99932319052998
28.912314082990633,511,169.262842288585,113.13500319461794,84.94311767522441,0.0,169.262842288585,113.13500319461794,84.94311767522441
29.015331999980845,512,170.43810579480748,114.86560925090062,87.00168303516213,0.0,170.43810579480748,114.86560925090062,87.00168303516213
29.115740082983393,513,170.55430024411382,114.51401035499671,85.75240225130707,0.0,170.55430024411382,114.51401035499671,85.75240225130707
29.21529449999798,514,171.86618616828403,115.40587414650335,85.19914512054967,0.0,171.86618616828403,115.40587414650335,85.19914512054967
29.316727540979628,515,169.05234059618533,113.71079253668226,83.62039101742866,0.0,169.05234059618533,113.71079253668226,83.62039101742866
29.415723040990997,516,167.0908590369008,112.37451095446272,82.55398889687687,0.0,167.0908590369008,112.37451095446272,82.55398889687687
29.519587540999055,517,166.09743205792955,111.98158252662768,82.34093318178336,0.0,166.09743205792955,111.98158252662768,82.34093318178336
29.61634516599588,518,164.43401325123128,110.84754163460414,81.19305570888814,0.0,164.43401325123128,110.84754163460414,81.19305570888814
29.71716075000586,519,162.05341499456623,108.83235646884194,79.3637514247091,0.0,162.05341499456623,108.83235646884194,79.3637514247091
29.81412091598031,520,160.8738925784382,107.635217341921,77.93609025068149,0.0,160.8738925784382,107.635217341921,77.93609025068149
29.88378479098901,521,159.9663031926022,106.61146993598058,76.80940959872798,0.0,159.9663031926022,106.61146993598058,76.80940959872798
29.980853749992093,522,158.7158633945658,105.57579308542476,75.73368178790919,0.0,158.7158633945658,105.57579308542476,75.73368178790919
30.082321624999167,523,157.11799373339852,104.44610944232699,74.47758386563098,0.0,157.11799373339852,104.44610944232699,74.47758386563098
30.18316087499261,524,155.3500900520954,102.82408383659953,72.78764471423584,0.0,155.3500900520954,102.82408383659953,72.78764471423584
30.280960582982516,525,153.51833559914206,101.35457434499513,71.73759840561524,0.0,153.51833559914206,101.35457434499513,71.73759840561524
30.381152124988148,526,151.97950035054836,100.55495042494157,71.27893335384755,0.0,151.97950035054836,100.55495042494157,71.27893335384755
30.480842582997866,527,151.8372039852619,100.59842594465304,71.61134550954546,0.0,151.8372039852619,100.59842594465304,71.61134550954546
30.583747540978948,528,152.05657001212202,100.98526236016258,72.31394453342503,0.0,152.05657001212202,100.98526236016258,72.31394453342503
30.68509774998529,529,152.26803712308256,101.22247476806749,72.56685572904105,0.0,152.26803712308256,101.22247476806749,72.56685572904105
30.784168165992014,530,152.0739336574601,100.71210303092997,71.84787593531257,0.0,152.0739336574601,100.71210303092997,71.84787593531257
30.88583433299209,531,151.8531306739133,100.16251884530676,70.8891938743555,0.0,151.8531306739133,100.16251884530676,70.8891938743555
30.98360666600638,532,151.83911312762405,100.06225737883194,70.72672751377229,0.0,151.83911312762405,100.06225737883194,70.72672751377229
31.084914749983,533,152.33914582775412,100.73324002351272,71.3331918527389,0.0,152.33914582775412,100.73324002351272,71.3331918527389
31.156455582997296,534,152.6877766857354,101.11159160975446,71.89074536092001,0.0,152.6877766857354,101.11159160975446,71.89074536092001
31.253175707999617,535,153.2233464265504,101.37602110449053,71.88769681435372,0.0,153.2233464265504,101.37602110449053,71.88769681435372
31.351648582989583,536,152.69722998355638,100.47335931337817,71.3682454111576,0.0,152.69722998355638,100.47335931337817,71.3682454111576
31.447985000006156,537,153.50679403241386,101.08628066148728,71.94026799646635,0.0,153.50679403241386,101.08628066148728,71.94026799646635
31.550478624994867,538,152.69365612982804,100.89730976048241,72.35536475842665,0.0,152.69365612982804,100.89730976048241,72.35536475842665
31.650691082992125,539,153.05591971516358,101.91395114857765,73.74257574138946,0.0,153.05591971516358,101.91395114857765,73.74257574138946
31.75149816600606,540,153.41030533441577,102.1308224281545,74.06700866324246,0.0,153.41030533441577,102.1308224281545,74.06700866324246
31.84812862498802,541,153.94639515026248,102.8417675453245,74.83438518107745,0.0,153.94639515026248,102.8417675453245,74.83438518107745
31.949922083003912,542,154.18669721313225,102.79360251490161,74.89342758980222,0.0,154.18669721313225,102.79360251490161,74.89342758980222
32.05016349998186,543,154.77065245408994,103.46826531959437,75.64006733265855,0.0,154.77065245408994,103.46826531959437,75.64006733265855
32.14820595798665,544,155.1771132654375,104.30705431980128,76.446620753763,0.0,155.1771132654375,104.30705431980128,76.446620753763
32.24869620800018,545,154.71988835033017,104.04846077520756,76.16238972138304,0.0,154.71988835033017,104.04846077520756,76.16238972138304
32.34714125000755,546,153.78038642911818,103.50234986361043,75.85777292695049,0.0,153.78038642911818,103.50234986361043,75.85777292695049
32.41617158299778,547,153.07715345488091,102.8703218490948,75.35349588079283,0.0,153.07715345488091,102.8703218490948,75.35349588079283
32.484821332996944,548,152.503754973849,102.32955095091609,74.88136120623497,0.0,152.503754973849,102.32955095091609,74.88136120623497
32.584927332994994,549,151.8410041638189,102.0627901302789,74.52479144550924,0.0,151.8410041638189,102.0627901302789,74.52479144550924
32.69017662497936,550,152.60357930668042,102.82307791392275,74.92670391421257,0.0,152.60357930668042,102.82307791392275,74.92670391421257
32.78422308299923,551,153.31163397009834,103.32343692164089,75.29736228012295,0.0,153.31163397009834,103.32343692164089,75.29736228012295
32.884698749985546,552,153.17341375636357,103.25160896644373,75.17276521789135,0.0,153.17341375636357,103.25160896644373,75.17276521789135
32.98252062499523,553,153.29413838808478,103.18686542477575,74.98490562408946,0.0,153.29413838808478,103.18686542477575,74.98490562408946
33.08279083299567,554,154.1771913546556,103.7004741968832,75.19037223010588,0.0,154.1771913546556,103.7004741968832,75.19037223010588
33.15403266600333,555,155.01233660694373,104.263755340809,75.67885994284953,0.0,155.01233660694373,104.263755340809,75.67885994284953
33.247976999991806,556,156.01489751378395,104.98157832601593,76.06779022871146,0.0,156.01489751378395,104.98157832601593,76.06779022871146
33.35008329100674,557,156.66441217488594,105.53334541471986,76.36263069565149,0.0,156.66441217488594,105.53334541471986,76.36263069565149
33.4473957909795,558,156.44836812215343,105.44484602745203,76.3694872579829,0.0,156.44836812215343,105.44484602745203,76.3694872579829
33.55059450000408,559,156.59343289836175,105.45572420737294,76.29308517125247,0.0,156.59343289836175,105.45572420737294,76.29308517125247
33.650238332978915,560,155.9812631420847,104.96815391258636,75.81997847201362,0.0,155.9812631420847,104.96815391258636,75.81997847201362
33.753281249984866,561,155.01236350608283,104.1495708522205,75.41203015717245,0.0,155.01236350608283,104.1495708522205,75.41203015717245
33.8499025409983,562,154.87982561121558,103.99692410513063,75.1413217488615,0.0,154.87982561121558,103.99692410513063,75.1413217488615
33.95020437499625,563,154.88270234744112,104.11238854924915,75.29571650897186,0.0,154.88270234744112,104.11238854924915,75.29571650897186
34.050180332997115,564,154.56539248562558,103.69140180662428,74.86210057030819,0.0,154.56539248562558,103.69140180662428,74.86210057030819
34.15000970798428,565,154.55548041149922,103.76282359233157,74.92817886565642,0.0,154.55548041149922,103.76282359233157,74.92817886565642
34.254753707995405,566,154.19737909933554,103.52860323313858,74.62075607807044,0.0,154.19737909933554,103.52860323313858,74.62075607807044
34.34970274998341,567,153.58475471393763,103.18317856738484,74.51887358721463,0.0,153.58475471393763,103.18317856738484,74.51887358721463
34.45027591599501,568,153.33620951401323,103.2449855313137,74.73331298835689,0.0,153.33620951401323,103.2449855313137,74.73331298835689
34.54979129100684,569,153.01143671288483,103.02924692192622,74.48366482216863,0.0,153.01143671288483,103.02924692192622,74.48366482216863
34.64875779100112,570,152.9787094777563,102.97264835589942,74.49039535783366,0.0,152.9787094777563,102.97264835589942,74.49039535783366
34.75019754099776,571,152.51436173831303,102.55476292077157,74.15902428616486,0.0,152.51436173831303,102.55476292077157,74.15902428616486
34.84975666599348,572,152.61664839147323,102.62194664882512,74.22795825821919,0.0,152.61664839147323,102.62194664882512,74.22795825821919
34.950118832988665,573,152.5186115147746,102.55527777303894,74.00063276513713,0.0,152.5186115147746,102.55527777303894,74.00063276513713
35.049568540998735,574,152.53251104668723,102.43682135661727,73.80930412876748,0.0,152.53251104668723,102.43682135661727,73.80930412876748
35.15002612498938,575,152.5664320631093,102.56334140269873,73.95642542691304,0.0,152.5664320631093,102.56334140269873,73.95642542691304
35.24885520798853,576,152.42374849950724,102.65758249012517,74.00755423181776,0.0,152.42374849950724,102.65758249012517,74.00755423181776
35.34638029098278,577,152.37039972223562,102.63685889601119,73.88685150037912,0.0,152.37039972223562,102.63685889601119,73.88685150037912
35.45144733300549,578,151.76693887482816,102.06542140086204,73.42448509571199,0.0,151.76693887482816,102.06542140086204,73.42448509571199
35.55120941600762,579,151.20844532071015,101.63371215291663,73.32263834509781,0.0,151.20844532071015,101.63371215291663,73.32263834509781
35.65136970797903,580,151.16710279792585,101.7652012345391,73.559759311519,0.0,151.16710279792585,101.7652012345391,73.559759311519
35.75103379099164,581,151.1781780031474,101.75884114355657,73.60338345864662,0.0,151.1781780031474,101.75884114355657,73.60338345864662
35.850717875000555,582,150.8196571058034,101.59530753391454,73.48530798595253,0.0,150.8196571058034,101.59530753391454,73.48530798595253
35.95197512500454,583,150.78126382015168,101.54368300889021,73.51642634904213,0.0,150.78126382015168,101.54368300889021,73.51642634904213
36.049364790989785,584,150.51046095743084,101.3847293782202,73.28868928517834,0.0,150.51046095743084,101.3847293782202,73.28868928517834
36.15087358298479,585,150.59251530262938,101.39502325748994,73.38326212734357,0.0,150.59251530262938,101.39502325748994,73.38326212734357
36.250046040979214,586,150.40684288277708,101.24613215737311,73.2779932902448,0.0,150.40684288277708,101.24613215737311,73.2779932902448
36.35054562499863,587,150.2092891763442,101.071603805886,73.19416269565791,0.0,150.2092891763442,101.071603805886,73.19416269565791
36.45258625000133,588,150.01742005643538,100.65265801827776,72.83740756070424,0.0,150.01742005643538,100.65265801827776,72.83740756070424
36.549995665991446,589,149.9237392431775,100.7777506031973,73.13957491639897,0.0,149.9237392431775,100.7777506031973,73.13957491639897
36.64935416600201,590,149.75009712417682,100.41707648331517,72.75112679837653,0.0,149.75009712417682,100.41707648331517,72.75112679837653
36.75041170799523,591,149.66020205522634,100.32825620980961,72.78509015256589,0.0,149.66020205522634,100.32825620980961,72.78509015256589
36.850817790982546,592,149.8414968821508,100.66504942164487,73.08376595292953,0.0,149.8414968821508,100.66504942164487,73.08376595292953
36.95147554099094,593,149.66293062895386,100.54598488698277,72.96528222450524,0.0,149.66293062895386,100.54598488698277,72.96528222450524
37.05157949999557,594,149.94807585305068,100.95423225048278,73.41876438765665,0.0,149.94807585305068,100.95423225048278,73.41876438765665
37.1505574999901,595,149.95267741119156,100.79416901745196,73.25604592997169,0.0,149.95267741119156,100.79416901745196,73.25604592997169
37.25030491600046,596,150.03983265111435,100.84887005209389,73.24161462993388,0.0,150.03983265111435,100.84887005209389,73.24161462993388
37.34847508298117,597,150.59680113062413,101.20294267343422,73.6316148282351,0.0,150.59680113062413,101.20294267343422,73.6316148282351
37.45317204098683,598,150.26522714047405,100.9944213834038,73.41747604453583,0.0,150.26522714047405,100.9944213834038,73.41747604453583
37.55172399998992,599,150.75632608834215,101.23216359450228,73.72805709764026,0.0,150.75632608834215,101.23216359450228,73.72805709764026
37.650148457993055,600,150.6700202293066,101.2874380940046,73.75882873548332,0.0,150.6700202293066,101.2874380940046,73.75882873548332
37.75037391600199,601,151.26064317823798,101.79166711491912,74.23277058439314,0.0,151.26064317823798,101.79166711491912,74.23277058439314
37.85122695798054,602,151.78164391626456,102.19909902551117,74.40898015421058,0.0,151.78164391626456,102.19909902551117,74.40898015421058
37.95149608299835,603,152.3035793474818,102.51094972843931,74.61760856632957,0.0,152.3035793474818,102.51094972843931,74.61760856632957
38.050317624991294,604,152.67889568249942,102.49448818165042,74.35268969602427,0.0,152.67889568249942,102.49448818165042,74.35268969602427
38.15122508298373,605,152.67318212742427,101.96573946648193,73.56800693380885,0.0,152.67318212742427,101.96573946648193,73.56800693380885
38.25012866599718,606,152.68793853466926,101.12221109472272,72.2536659746158,0.0,152.68793853466926,101.12221109472272,72.2536659746158
38.35159133299021,607,152.78760520370034,100.88760705819082,71.8270996695916,0.0,152.78760520370034,100.88760705819082,71.8270996695916
38.45174083299935,608,154.11342781551838,102.01010925559537,72.80145520397606,0.0,154.11342781551838,102.01010925559537,72.80145520397606
38.55010083300294,609,154.4041389668247,102.10386116217249,72.9017824646755,0.0,154.4041389668247,102.10386116217249,72.9017824646755
38.65052287498838,610,154.47836194700417,102.29874660650786,73.00072190570872,0.0,154.47836194700417,102.29874660650786,73.00072190570872
38.75149962498108,611,154.05360139437354,101.55413224724768,72.18523226287834,0.0,154.05360139437354,101.55413224724768,72.18523226287834
38.85002474999055,612,153.96618919742951,102.17051544397017,72.9286493268915,0.0,153.96618919742951,102.17051544397017,72.9286493268915
38.95059449999826,613,153.59336245772266,101.73592223318302,72.71532964580985,0.0,153.59336245772266,101.73592223318302,72.71532964580985
39.05030445798184,614,154.05146099232869,102.13370788319061,73.18632372947837,0.0,154.05146099232869,102.13370788319061,73.18632372947837
39.151351124979556,615,155.86063734192152,103.90404396512929,74.85847807827001,0.0,155.86063734192152,103.90404396512929,74.85847807827001
39.25028941599885,616,155.67645176640468,103.40472244556389,74.3613301848374,0.0,155.67645176640468,103.40472244556389,74.3613301848374
39.352040665980894,617,156.27850729055112,104.22578765661392,75.3479738483775,0.0,156.27850729055112,104.22578765661392,75.3479738483775
39.4520043329976,618,155.91273710178115,104.3744157292761,75.38751755763035,0.0,155.91273710178115,104.3744157292761,75.38751755763035
39.549918832984986,619,153.56507404302877,102.38526492257466,73.97111513065984,0.0,153.56507404302877,102.38526492257466,73.97111513065984
39.651268457993865,620,153.4761093528451,102.0417805883444,73.31543042950217,0.0,153.4761093528451,102.0417805883444,73.31543042950217
39.75060850000591,621,153.34595423661975,101.52971067501136,72.84437380150337,0.0,153.34595423661975,101.52971067501136,72.84437380150337
39.84974133298965,622,153.16259900082537,101.42094192806607,72.76666359862813,0.0,153.16259900082537,101.42094192806607,72.76666359862813
39.95030729100108,623,153.26116985070564,101.46416178850721,72.88585258126484,0.0,153.26116985070564,101.46416178850721,72.88585258126484
40.050561915995786,624,152.76731109435877,100.89375780859335,72.20460893960247,0.0,152.76731109435877,100.89375780859335,72.20460893960247
40.15177125000628,625,152.5566930144422,100.66761035490227,72.07350802889951,0.0,152.5566930144422,100.66761035490227,72.07350802889951
40.24978033298976,626,152.71986341221182,101.01746534825249,72.29819872236872,0.0,152.71986341221182,101.01746534825249,72.29819872236872
40.35155416600173,627,152.9282076875721,101.20842722148838,72.69937510833249,0.0,152.9282076875721,101.20842722148838,72.69937510833249
40.449244040995836,628,153.3704674407105,101.96551698535711,73.37946313887201,0.0,153.3704674407105,101.96551698535711,73.37946313887201
40.551205333002144,629,154.47190021425664,102.75679659786452,74.04509423159783,0.0,154.47190021425664,102.75679659786452,74.04509423159783
40.65109245799249,630,154.3191322452054,102.98475531332826,74.47008121877909,0.0,154.3191322452054,102.98475531332826,74.47008121877909
40.75249095799518,631,155.1153591243652,102.80786622743238,74.10606780912325,0.0,155.1153591243652,102.80786622743238,74.10606780912325
40.84895166600472,632,158.90665616547952,105.23699370759269,75.84333068496716,0.0,158.90665616547952,105.23699370759269,75.84333068496716
40.949985332990764,633,161.20488502141973,105.97867190682739,76.31936035455664,0.0,161.20488502141973,105.97867190682739,76.31936035455664
41.04872512500151,634,161.0140444382434,106.76734451846943,77.55183508319091,0.0,161.0140444382434,106.76734451846943,77.55183508319091
41.14958425000077,635,163.94324312708622,109.51790180937782,79.97428907067031,0.0,163.94324312708622,109.51790180937782,79.97428907067031
41.248928457993316,636,168.52401258052646,115.00453232754788,84.15483514393868,0.0,168.52401258052646,115.00453232754788,84.15483514393868
41.347821207978996,637,169.3832504127312,112.3626868521243,80.22220943161015,0.0,169.3832504127312,112.3626868521243,80.22220943161015
42.48271204100456,669,172.66997893715845,117.39324828227561,87.87081500169612,0.0,172.66997893715845,117.39324828227561,87.87081500169612
42.58383162500104,670,172.15635382541873,121.8805776282685,94.68638201522273,0.0,172.15635382541873,121.8805776282685,94.68638201522273
42.68542591598816,671,170.28304573124717,120.69019092418372,93.43563792322784,0.0,170.28304573124717,120.69019092418372,93.43563792322784
42.781502208003076,672,170.52663505431684,118.27463753771588,88.43211592794543,0.0,170.52663505431684,118.27463753771588,88.43211592794543
42.88310054098838,673,170.35951519439763,117.40952459169152,87.49046766936056,0.0,170.35951519439763,117.40952459169152,87.49046766936056
42.984132665995276,674,164.4299241437216,115.14882886012913,87.03971597324764,0.0,164.4299241437216,115.14882886012913,87.03971597324764
43.08509062498342,675,168.93915007606242,119.12209859737675,89.640559199301,0.0,168.93915007606242,119.12209859737675,89.640559199301
43.18725445799646,676,167.88789139733532,116.66972203197085,85.92839383327087,0.0,167.88789139733532,116.66972203197085,85.92839383327087
43.28262770798756,677,167.45687451430845,116.64796290820985,86.73677545285423,0.0,167.45687451430845,116.64796290820985,86.73677545285423
43.38565799998469,678,164.9275759566538,114.36197581615595,84.46498676328062,0.0,164.9275759566538,114.36197581615595,84.46498676328062
43.48594074998982,679,162.95154729730606,113.67167403413123,84.54471534166915,0.0,162.95154729730606,113.67167403413123,84.54471534166915
43.584767791006016,680,161.090921560356,111.65003144418075,82.44354022655338,0.0,161.090921560356,111.65003144418075,82.44354022655338
43.6852472909959,681,159.6905273053098,110.32360314073215,81.31170368145186,0.0,159.6905273053098,110.32360314073215,81.31170368145186
43.78630820798571,682,158.5020334387709,109.58315217320936,81.00727143720941,0.0,158.5020334387709,109.58315217320936,81.00727143720941
43.88484487499227,683,158.19420198605425,109.29043626834984,80.8056295050017,0.0,158.19420198605425,109.29043626834984,80.8056295050017
43.985973290982656,684,157.9523191943851,109.82774266459091,81.5015167345081,0.0,157.9523191943851,109.82774266459091,81.5015167345081
44.086226082989015,685,157.81972139790008,109.70554577350315,81.52224629445162,0.0,157.81972139790008,109.70554577350315,81.52224629445162
44.18608904100256,686,157.4688702823178,110.01430661888438,81.9646238420684,0.0,157.4688702823178,110.01430661888438,81.9646238420684
44.286243374983314,687,157.38821654065703,109.99366962194566,81.83954730672691,0.0,157.38821654065703,109.99366962194566,81.83954730672691
44.38595512500615,688,156.8289730018236,109.72706616427651,81.96723746830939,0.0,156.8289730018236,109.72706616427651,81.96723746830939
44.4860855829902,689,156.31888509786035,109.60414399906229,82.13645664255301,0.0,156.31888509786035,109.60414399906229,82.13645664255301
44.582912707992364,690,156.24517013173582,109.40636678623372,81.93351113576819,0.0,156.24517013173582,109.40636678623372,81.93351113576819
44.68497062500683,691,155.7079906510442,108.93142482221793,81.74301221721132,0.0,155.7079906510442,108.93142482221793,81.74301221721132
44.78551695798524,692,155.05794591731527,108.64748677758837,81.67065845938656,0.0,155.05794591731527,108.64748677758837,81.67065845938656
44.886189999990165,693,154.31802033126155,107.752824855134,80.64578689369823,0.0,154.31802033126155,107.752824855134,80.64578689369823
44.98485883299145,694,154.2295271242166,107.85304505291278,80.66410664748793,0.0,154.2295271242166,107.85304505291278,80.66410664748793
45.086152999982005,695,153.82624037501,107.53138463047524,80.29104446790551,0.0,153.82624037501,107.53138463047524,80.29104446790551
45.18551179100177,696,153.2120157780614,107.19727446547844,79.74265048877133,0.0,153.2120157780614,107.19727446547844,79.74265048877133
45.28602862500702,697,153.0124152805815,106.54543058828345,79.03141622468011,0.0,153.0124152805815,106.54543058828345,79.03141622468011
45.38537466598791,698,152.9048600166603,105.07349172880471,77.24012648646318,0.0,152.9048600166603,105.07349172880471,77.24012648646318
45.48462324999855,699,151.4886728253478,102.04669483697646,73.84887983858636,0.0,151.4886728253478,102.04669483697646,73.84887983858636
45.58433970800252,700,151.89443425166405,101.67938946266685,73.06314335543063,0.0,151.89443425166405,101.67938946266685,73.06314335543063
45.685490125004435,701,154.47946812718257,103.37872243445042,74.31315597808262,0.0,154.47946812718257,103.37872243445042,74.31315597808262
45.78559233300621,702,155.43999192126114,102.31343463013923,71.84007463215892,0.0,155.43999192126114,102.31343463013923,71.84007463215892
45.8852198329987,703,159.38728906421215,104.75453971200578,74.10728236067602,0.0,159.38728906421215,104.75453971200578,74.10728236067602
46.81767262498033,729,178.83554209172036,117.59817143274267,80.99067832180594,0.0,178.83554209172036,117.59817143274267,80.99067832180594
46.91896570799872,730,176.9197218365474,117.32953363103259,81.61191865919348,0.0,176.9197218365474,117.32953363103259,81.61191865919348
47.01894362500752,731,172.1125843706365,115.69741883428004,81.4784489492222,0.0,172.1125843706365,115.69741883428004,81.4784489492222
47.11402837498463,732,167.09557974917288,112.35387332974275,78.82468229847913,0.0,167.09557974917288,112.35387332974275,78.82468229847913
47.18601854098961,733,165.2856503594307,111.29542122838363,78.17246898887866,0.0,165.2856503594307,111.29542122838363,78.17246898887866
47.28622462498606,734,164.0726237769934,110.75551946744689,77.76717242212351,0.0,164.0726237769934,110.75551946744689,77.76717242212351
47.386774749989854,735,162.92519687655758,111.34968267154012,79.47994683502243,0.0,162.92519687655758,111.34968267154012,79.47994683502243
47.48720899998443,736,165.7835243611724,114.08641675944837,82.24846995580631,0.0,165.7835243611724,114.08641675944837,82.24846995580631
47.58643437499995,737,167.13785459832408,115.09916797134764,82.86573043807608,0.0,167.13785459832408,115.09916797134764,82.86573043807608
47.68512420798652,738,165.84030093903607,113.86143449471749,81.92302421356602,0.0,165.84030093903607,113.86143449471749,81.92302421356602
47.757469582982594,739,164.93273645944157,113.07645576814447,81.22195114344034,0.0,164.93273645944157,113.07645576814447,81.22195114344034
47.85799145800411,740,164.046027495645,111.46174590267239,78.77969645332767,0.0,164.046027495645,111.46174590267239,78.77969645332767
47.95382695799344,741,163.80232678780166,111.02312262669719,78.31483569309088,0.0,163.80232678780166,111.02312262669719,78.31483569309088
48.02274495799793,742,163.50254234213378,110.7088063690724,77.94985979540323,0.0,163.50254234213378,110.7088063690724,77.94985979540323
48.11866174999159,743,163.24108359436346,110.41546833359394,77.51733967480484,0.0,163.24108359436346,110.41546833359394,77.51733967480484
48.21894158300711,744,163.47034883427725,110.08447938782955,76.37363477886653,0.0,163.47034883427725,110.08447938782955,76.37363477886653
48.31941254099365,745,164.5829716576782,110.63561487111298,76.32082036813294,0.0,164.5829716576782,110.63561487111298,76.32082036813294
48.42084829098894,746,165.50683313078244,111.27218270881079,76.64814877504664,0.0,165.50683313078244,111.27218270881079,76.64814877504664
48.52029237500392,747,166.04879609243713,112.04385317238913,76.95419237798053,0.0,166.04879609243713,112.04385317238913,76.95419237798053
48.6199374999851,748,165.94662268254146,112.56814680110254,77.31308135592667,0.0,165.94662268254146,112.56814680110254,77.31308135592667
48.71981045798748,749,165.2326743452911,112.11254688099216,76.9568922370927,0.0,165.2326743452911,112.11254688099216,76.9568922370927
48.82008829098777,750,164.6673720579394,111.97357320866838,77.05557890996425,0.0,164.6673720579394,111.97357320866838,77.05557890996425
48.919316582992906,751,164.1465066828194,111.42439431250763,76.64988337374157,0.0,164.1465066828194,111.42439431250763,76.64988337374157
49.02087737500551,752,163.6997146059734,111.06423512015964,76.33139254795653,0.0,163.6997146059734,111.06423512015964,76.33139254795653
49.119803290988784,753,163.40020419789207,110.95913043889922,76.30765079319993,0.0,163.40020419789207,110.95913043889922,76.30765079319993
49.21966904099099,754,163.30381402916908,110.90179707304202,76.49314278893422,0.0,163.30381402916908,110.90179707304202,76.49314278893422
49.31960504100425,755,162.38478863559317,110.39278997301929,76.05747526767871,0.0,162.38478863559317,110.39278997301929,76.05747526767871
49.42157441598829,756,162.55209449713846,110.47310185714241,76.17727633525544,0.0,162.55209449713846,110.47310185714241,76.17727633525544
49.51945541598252,757,162.2856657519927,110.51673392210667,76.2032467083266,0.0,162.2856657519927,110.51673392210667,76.2032467083266
49.62213833298301,758,162.34179308727533,110.47837054339391,76.09698580766994,0.0,162.34179308727533,110.47837054339391,76.09698580766994
49.720688415982295,759,162.25030733632607,110.36759119184873,76.01498630466196,0.0,162.25030733632607,110.36759119184873,76.01498630466196
49.820399165997515,760,162.02064514944556,110.24555702430786,76.25792820249198,0.0,162.02064514944556,110.24555702430786,76.25792820249198
49.91843816600158,761,162.6234605153998,110.58142366707867,76.21510539768778,0.0,162.6234605153998,110.58142366707867,76.21510539768778
50.02091799999471,762,162.87946850715466,110.80235224385855,76.53502625231245,0.0,162.87946850715466,110.80235224385855,76.53502625231245
50.119473540980835,763,163.0587173068197,110.8374809775311,76.227673872311,0.0,163.0587173068197,110.8374809775311,76.227673872311
50.21950049998122,764,162.67879423626874,110.51165862394141,76.09602430326245,0.0,162.67879423626874,110.51165862394141,76.09602430326245
50.31835841599968,765,161.75877482626245,109.66949748805747,75.38884962907187,0.0,161.75877482626245,109.66949748805747,75.38884962907187
50.419521040981635,766,160.6135022590999,108.73071221299425,74.71440512934983,0.0,160.6135022590999,108.73071221299425,74.71440512934983
50.51776383299148,767,159.24413314212393,107.64454675824591,73.85931768435354,0.0,159.24413314212393,107.64454675824591,73.85931768435354
50.619025082996814,768,155.51833296913293,103.90705409769468,70.33544178488515,0.0,155.51833296913293,103.90705409769468,70.33544178488515
50.71985408299952,769,152.43018528663941,101.02276117830503,68.10287833452738,0.0,152.43018528663941,101.02276117830503,68.10287833452738
50.85350549998111,771,162.00654206228668,105.44032050621637,69.65089116281543,0.0,162.00654206228668,105.44032050621637,69.65089116281543
50.952002165984595,772,162.48936995666963,106.71742236445819,71.47142391942825,0.0,162.48936995666963,106.71742236445819,71.47142391942825
51.0522420409834,773,165.4066106618513,110.85723754537054,76.2402645834969,0.0,165.4066106618513,110.85723754537054,76.2402645834969
51.18598650000058,775,177.59971006538194,116.4112902718975,75.92362401513358,0.0,177.59971006538194,116.4112902718975,75.92362401513358
51.31833995800116,777,174.2044966495594,114.05756695051608,72.76214521473133,0.0,174.2044966495594,114.05756695051608,72.76214521473133
51.41873604099965,778,173.16312080930402,113.42988625824815,72.37038237269346,0.0,173.16312080930402,113.42988625824815,72.37038237269346
51.48585570798605,779,171.29285223746461,112.47718447425093,72.0220969765825,0.0,171.29285223746461,112.47718447425093,72.0220969765825
51.55188141600229,780,168.02290067098664,110.37863854452169,71.12030768175832,0.0,168.02290067098664,110.37863854452169,71.12030768175832
51.68524116600747,783,169.25914982532893,112.07258235659016,73.48771997126906,0.0,169.25914982532893,112.07258235659016,73.48771997126906
51.75369216600666,784,168.16542415070623,110.46241234163607,71.70311931461083,0.0,168.16542415070623,110.46241234163607,71.70311931461083
51.817815582995536,785,166.7781660858546,109.78972952637415,71.43209448756534,0.0,166.7781660858546,109.78972952637415,71.43209448756534
52.0197651659837,790,173.3325474972006,114.82588447052073,75.00575842826603,0.0,173.3325474972006,114.82588447052073,75.00575842826603
52.784736040979624,811,171.95900284270908,114.58610058480667,74.55339850606047,0.0,171.95900284270908,114.58610058480667,74.55339850606047
52.854144915996585,812,168.09196489071684,112.07632824793511,73.43844732144264,0.0,168.09196489071684,112.07632824793511,73.43844732144264
52.922041499987245,813,167.2257856230403,110.65315526651956,71.4679595865753,0.0,167.2257856230403,110.65315526651956,71.4679595865753
52.98631474998547,814,165.39659257640196,109.35251510832184,70.81289165955528,0.0,165.39659257640196,109.35251510832184,70.81289165955528
53.05463400000008,815,164.18865512723008,109.02136154966875,71.38478966032272,0.0,164.18865512723008,109.02136154966875,71.38478966032272
53.120157957979245,816,163.43371146989085,109.28502099585513,72.18996497674166,0.0,163.43371146989085,109.28502099585513,72.18996497674166
53.188073249999434,817,163.63283825377457,109.93809304824522,73.19890223468775,0.0,163.63283825377457,109.93809304824522,73.19890223468775
53.25439470799756,818,163.0631720099677,109.04365452737208,71.755134150566,0.0,163.0631720099677,109.04365452737208,71.755134150566
53.32416412499151,819,162.90106064874985,109.25844338207895,72.26024294036918,0.0,162.90106064874985,109.25844338207895,72.26024294036918
53.3883717499848,820,162.11384501563742,108.68847986189735,71.94623412435965,0.0,162.11384501563742,108.68847986189735,71.94623412435965
53.453658374986844,821,161.58608494249847,108.77932979592201,72.45159339703054,0.0,161.58608494249847,108.77932979592201,72.45159339703054
53.52109599998221,822,160.73831224736324,107.61995644136158,71.38171427045954,0.0,160.73831224736324,107.61995644136158,71.38171427045954
53.587023125001,823,159.09860142897475,106.66136990466262,70.63910569635372,0.0,159.09860142897475,106.66136990466262,70.63910569635372
53.65544041598332,824,158.4774027134355,106.42601195423627,70.66869841433477,0.0,158.4774027134355,106.42601195423627,70.66869841433477
53.72104158299044,825,158.24077218850434,105.81991141987965,70.01795432735142,0.0,158.24077218850434,105.81991141987965,70.01795432735142
53.78859066599398,826,157.95776982643525,105.68755567423231,69.95808598130841,0.0,157.95776982643525,105.68755567423231,69.95808598130841
53.854822875000536,827,157.72181756078817,105.22800845377111,69.51449309395214,0.0,157.72181756078817,105.22800845377111,69.51449309395214
53.924363415979315,828,158.2577935848344,105.53964404073012,69.64152085443962,0.0,158.2577935848344,105.53964404073012,69.64152085443962
54.02120220797951,829,158.2449093253705,105.60292309471889,69.79865219756915,0.0,158.2449093253705,105.60292309471889,69.79865219756915
54.08780545799527,830,158.89923324761565,106.64889201713213,70.66857427699786,0.0,158.89923324761565,106.64889201713213,70.66857427699786
54.15429745797883,831,158.98622220981497,106.66681841705731,70.86893705293583,0.0,158.98622220981497,106.66681841705731,70.86893705293583
54.220315415994264,832,159.94148812159247,107.26127577112864,70.5573087444843,0.0,159.94148812159247,107.26127577112864,70.5573087444843
54.28672366598039,833,160.1095240963337,107.13697825694152,70.11566756438165,0.0,160.1095240963337,107.13697825694152,70.11566756438165
54.353876999986824,834,160.4056267122031,107.34850470295908,70.30298843527575,0.0,160.4056267122031,107.34850470295908,70.30298843527575
54.41871125000762,835,160.15820574224728,106.96647978282859,69.9577674225592,0.0,160.15820574224728,106.96647978282859,69.9577674225592
54.48637724999571,836,159.99478581187418,106.73386239039829,69.63045414454456,0.0,159.99478581187418,106.73386239039829,69.63045414454456
54.55363795798621,837,159.7882903719258,106.37593185842421,69.38816945892508,0.0,159.7882903719258,106.37593185842421,69.38816945892508
54.620335540996166,838,159.18035622206943,105.68606909590925,68.72040220006875,0.0,159.18035622206943,105.68606909590925,68.72040220006875
54.68658733298071,839,159.41125819690654,105.82933002193016,68.734051138797,0.0,159.41125819690654,105.82933002193016,68.734051138797
54.75577891600551,840,159.133960657911,105.30199309856317,68.13222988326477,0.0,159.133960657911,105.30199309856317,68.13222988326477
54.81998529098928,841,159.481842184622,105.73889584341258,68.43273071240598,0.0,159.481842184622,105.73889584341258,68.43273071240598
54.887045499985106,842,159.25981596758248,105.46271442383947,68.26747058631815,0.0,159.25981596758248,105.46271442383947,68.26747058631815
54.95416337499046,843,159.1292088664546,105.43339642974074,68.26453223012192,0.0,159.1292088664546,105.43339642974074,68.26453223012192
55.02100741598406,844,158.39492586476734,104.91724835195157,67.97370236396326,0.0,158.39492586476734,104.91724835195157,67.97370236396326
55.08736229100032,845,158.24048382125684,104.86795136785977,67.94660249626595,0.0,158.24048382125684,104.86795136785977,67.94660249626595
55.1541358329996,846,157.85616360521536,104.32138270249641,67.47745989952637,0.0,157.85616360521536,104.32138270249641,67.47745989952637
55.2213242079888,847,157.6029696469043,103.97038190252272,67.11791743449619,0.0,157.6029696469043,103.97038190252272,67.11791743449619
55.287002416007454,848,157.32064192301186,103.86572086834646,67.18412779974476,0.0,157.32064192301186,103.86572086834646,67.18412779974476
55.35540645799483,849,157.5158645004644,104.1509655443685,67.69089606059545,0.0,157.5158645004644,104.1509655443685,67.69089606059545
55.421465833002,850,157.33248043131888,103.84871318152905,67.45300550806985,0.0,157.33248043131888,103.84871318152905,67.45300550806985
55.48831670798245,851,157.6024042525522,104.09472332401326,67.58654252552182,0.0,157.6024042525522,104.09472332401326,67.58654252552182
55.55434937498649,852,158.76203705558336,105.27191587381071,68.59700350525789,0.0,158.76203705558336,105.27191587381071,68.59700350525789
55.621079790988006,853,158.15247026221954,104.7165736965888,68.13236756256015,0.0,158.15247026221954,104.7165736965888,68.13236756256015
55.69115229099407,854,157.90874179361336,104.19675608706737,67.46988136592518,0.0,157.90874179361336,104.19675608706737,67.46988136592518
55.787118124979315,855,156.61906406122284,103.0836742297886,66.61620423745511,0.0,156.61906406122284,103.0836742297886,66.61620423745511
55.88839654100593,856,155.4659361116031,102.6364646963285,67.07819489088779,0.0,155.4659361116031,102.6364646963285,67.07819489088779
55.988702749978984,857,154.50679134566923,101.92399020807834,66.981292749658,0.0,154.50679134566923,101.92399020807834,66.981292749658
56.08670579100726,858,154.12566803487556,101.67072595418796,67.14432480268867,0.0,154.12566803487556,101.67072595418796,67.14432480268867
56.18812516599428,859,155.3655959230643,102.60357389445997,67.97891665296729,0.0,155.3655959230643,102.60357389445997,67.97891665296729
56.288658540986944,860,156.81366109789647,104.03826143894291,69.68879589502968,0.0,156.81366109789647,104.03826143894291,69.68879589502968
56.38779929099837,861,157.36410139752343,105.43176709339672,71.56399454040965,0.0,157.36410139752343,105.43176709339672,71.56399454040965
56.48840720800217,862,159.32391567902778,108.03008839153851,74.61964893202742,0.0,159.32391567902778,108.03008839153851,74.61964893202742
56.58746179100126,863,160.4508469502235,109.33879898156707,75.89424166855588,0.0,160.4508469502235,109.33879898156707,75.89424166855588
56.69022983298055,864,161.13010062309635,110.16101849471754,76.94644157269003,0.0,161.13010062309635,110.16101849471754,76.94644157269003
56.78818979099742,865,160.49152230712983,109.6822436700606,76.66652127369942,0.0,160.49152230712983,109.6822436700606,76.66652127369942
56.88978125000722,866,159.3997174172681,108.40498477081941,75.38464538581543,0.0,159.3997174172681,108.40498477081941,75.38464538581543
56.98750570800621,867,158.5753525922156,107.91419225427298,75.07160880993641,0.0,158.5753525922156,107.91419225427298,75.07160880993641
57.087838499981444,868,158.15633383031778,107.59852823859836,74.71680623765596,0.0,158.15633383031778,107.59852823859836,74.71680623765596
57.188006749987835,869,157.03780216136988,105.91288649899958,72.64369241775627,0.0,157.03780216136988,105.91288649899958,72.64369241775627
57.28847716600285,870,156.14555549137955,105.66096687555954,72.95967453143501,0.0,156.14555549137955,105.66096687555954,72.95967453143501
57.38808658299968,871,156.23663916017577,106.39090885712817,74.14535342221511,0.0,156.23663916017577,106.39090885712817,74.14535342221511
57.489066457987064,872,156.66559096467674,106.97243125375432,74.62889141526732,0.0,156.66559096467674,106.97243125375432,74.62889141526732
57.587258582992945,873,157.0322334258713,107.03293537204586,74.67516290041858,0.0,157.0322334258713,107.03293537204586,74.67516290041858
57.688302958005806,874,157.20049255907614,107.09286365095382,74.76763072175306,0.0,157.20049255907614,107.09286365095382,74.76763072175306
57.78751608298626,875,157.69592140984292,107.30083010418359,74.50267565027728,0.0,157.69592140984292,107.30083010418359,74.50267565027728
57.88945341599174,876,158.21936033565981,107.2622237462546,74.41613521028901,0.0,158.21936033565981,107.2622237462546,74.41613521028901
57.987660332990345,877,157.74879179332444,107.11025250733755,74.12779077407545,0.0,157.74879179332444,107.11025250733755,74.12779077407545
58.088293915992836,878,158.00485304468268,106.98398043107697,73.71509462683552,0.0,158.00485304468268,106.98398043107697,73.71509462683552
58.18905670798267,879,158.1194647857232,106.80783622792195,73.07809897522084,0.0,158.1194647857232,106.80783622792195,73.07809897522084
58.28752641598112,880,159.3130143777141,107.4850994325459,73.46053436517766,0.0,159.3130143777141,107.4850994325459,73.46053436517766
58.3879478329909,881,160.0889946397829,107.9823511280513,73.781178345625,0.0,160.0889946397829,107.9823511280513,73.781178345625
58.48847899999237,882,159.69466199118466,107.66869204141857,73.66983187787682,0.0,159.69466199118466,107.66869204141857,73.66983187787682
58.58928908300004,883,158.45729485060548,106.78631077542377,72.95250000749897,0.0,158.45729485060548,106.78631077542377,72.95250000749897
58.68780049998895,884,157.6317085333167,106.13924185893269,72.31987545376562,0.0,157.6317085333167,106.13924185893269,72.31987545376562
58.78785674998653,885,156.9626932282947,105.70707012394143,72.10258585087061,0.0,156.9626932282947,105.70707012394143,72.10258585087061
58.88872191598057,886,157.03247339172606,105.69811072763494,72.09363217891747,0.0,157.03247339172606,105.69811072763494,72.09363217891747
58.98932125000283,887,157.2746920917678,105.92106976792262,72.26103648533514,0.0,157.2746920917678,105.92106976792262,72.26103648533514
59.087768625002354,888,157.40734053229968,106.03154477574601,72.44560159636931,0.0,157.40734053229968,106.03154477574601,72.44560159636931
59.18701279099332,889,158.31584977870997,106.82880432784165,72.9759559449724,0.0,158.31584977870997,106.82880432784165,72.9759559449724
59.28790487500373,890,158.33854335273725,106.63201969428536,72.81146665332525,0.0,158.33854335273725,106.63201969428536,72.81146665332525
59.38526929100044,891,158.4181059418402,106.60858928216565,72.52006889090066,0.0,158.4181059418402,106.60858928216565,72.52006889090066
59.486332250002306,892,158.88587668858986,106.89352097560689,72.73258043801442,0.0,158.88587668858986,106.89352097560689,72.73258043801442
59.584085457987385,893,159.17751138956342,107.28342075725007,72.90160004108313,0.0,159.17751138956342,107.28342075725007,72.90160004108313
59.68642129100044,894,159.5963198579399,107.55754489193117,72.97673209011205,0.0,159.5963198579399,107.55754489193117,72.97673209011205
59.78691679099575,895,159.88094965607905,107.67881100781746,72.85268915651336,0.0,159.88094965607905,107.67881100781746,72.85268915651336
59.88769270799821,896,160.14205665754724,107.73052753613005,73.03249765427273,0.0,160.14205665754724,107.73052753613005,73.03249765427273
59.985499707981944,897,159.90700138023192,107.38513159090043,72.55630379168169,0.0,159.90700138023192,107.38513159090043,72.55630379168169
60.08624737500213,898,159.88972060841385,107.4189910372814,72.76907424167226,0.0,159.88972060841385,107.4189910372814,72.76907424167226
60.18734154099366,899,160.2629710756888,107.69155758471445,72.75511834805353,0.0,160.2629710756888,107.69155758471445,72.75511834805353
60.28613712498918,900,160.32480649534276,107.89532381965803,73.19093042578312,0.0,160.32480649534276,107.89532381965803,73.19093042578312
60.385868832992855,901,159.45763908314308,107.14911300491644,72.28473179254581,0.0,159.45763908314308,107.14911300491644,72.28473179254581
60.489786666003056,902,159.92922204407998,107.49447174985325,72.53251971976181,0.0,159.92922204407998,107.49447174985325,72.53251971976181
60.58581462499569,903,159.86574107779896,107.53652314457533,72.69524149278507,0.0,159.86574107779896,107.53652314457533,72.69524149278507
60.68757229100447,904,159.5646452017617,107.34447382521684,72.50495963895048,0.0,159.5646452017617,107.34447382521684,72.50495963895048
60.78620416598278,905,159.11582222364575,106.83438036406096,72.06012698311017,0.0,159.11582222364575,106.83438036406096,72.06012698311017
60.88649670800078,906,159.47025102854906,107.06644856235984,72.32120564723277,0.0,159.47025102854906,107.06644856235984,72.32120564723277
60.98685308298445,907,159.82915401615884,107.15382341219521,72.35910727872178,0.0,159.82915401615884,107.15382341219521,72.35910727872178
61.087202666007215,908,159.45929971537043,107.12480694153253,72.63413259175636,0.0,159.45929971537043,107.12480694153253,72.63413259175636
61.18654624998453,909,159.35007261075688,107.1475977334967,72.55920759691863,0.0,159.35007261075688,107.1475977334967,72.55920759691863
61.28796891600359,910,159.06952203870546,107.05545419313822,72.69836286390681,0.0,159.06952203870546,107.05545419313822,72.69836286390681
61.38688074998208,911,158.86658198446688,106.90924874791318,72.35134209189228,0.0,158.86658198446688,106.90924874791318,72.35134209189228
61.48580875000334,912,158.9514629065762,107.0723355805417,72.57636259339628,0.0,158.9514629065762,107.0723355805417,72.57636259339628
61.58690716599813,913,158.8332152536628,107.10345961311572,72.64569115886347,0.0,158.8332152536628,107.10345961311572,72.64569115886347
61.68753133298014,914,158.28776171393568,106.94828525250736,72.68014258197357,0.0,158.28776171393568,106.94828525250736,72.68014258197357
61.78800787500222,915,158.32569611555658,106.8622419897027,72.71265995174872,0.0,158.32569611555658,106.8622419897027,72.71265995174872
61.886088083003415,916,158.6394386142698,107.10472552707053,72.83140401648689,0.0,158.6394386142698,107.10472552707053,72.83140401648689
61.98755291599082,917,157.3525184717967,106.39739835313362,72.24138271622053,0.0,157.3525184717967,106.39739835313362,72.24138271622053
62.05736941599753,918,155.99378279028804,105.32891236652,71.5231191229628,0.0,155.99378279028804,105.32891236652,71.5231191229628
62.154959832987515,919,154.25667153122865,104.24331184305322,70.65702067130955,0.0,154.25667153122865,104.24331184305322,70.65702067130955
62.25677954099956,920,151.88760861316817,102.77020351224263,69.59880282474464,0.0,151.88760861316817,102.77020351224263,69.59880282474464
62.354285624984186,921,149.82709343429465,101.00228901466129,68.11627614981938,0.0,149.82709343429465,101.00228901466129,68.11627614981938
62.455428665998625,922,147.6559191986399,99.060715135362,66.05782163587166,0.0,147.6559191986399,99.060715135362,66.05782163587166
62.55322570799035,923,146.91485039813242,98.4340297182356,65.3704850913386,0.0,146.91485039813242,98.4340297182356,65.3704850913386
62.61946412498946,924,146.10885051678346,98.17095852932707,65.18026023167259,0.0,146.10885051678346,98.17095852932707,65.18026023167259
62.68728341598762,925,143.98572702058254,96.43484640018742,63.627010457056976,0.0,143.98572702058254,96.43484640018742,63.627010457056976
62.75578741598292,926,141.88749766472307,94.20573445688834,61.12175101523092,0.0,141.88749766472307,94.20573445688834,61.12175101523092
62.82462837500498,927,140.8668055153794,93.90093144344807,61.43538906566387,0.0,140.8668055153794,93.90093144344807,61.43538906566387
62.92006233299617,928,140.04969583296875,92.71224923815575,60.03524457007636,0.0,140.04969583296875,92.71224923815575,60.03524457007636
63.02098349999869,929,141.0192149554717,93.63612816347705,60.74088048463263,0.0,141.0192149554717,93.63612816347705,60.74088048463263
63.12302045800607,930,141.69488520022236,94.58327997354293,61.566257027660306,0.0,141.69488520022236,94.58327997354293,61.566257027660306
63.222126290987944,931,141.41175717475468,94.31845122259323,61.85006247823504,0.0,141.41175717475468,94.31845122259323,61.85006247823504
63.321991540986346,932,141.28040693106158,93.59110872172367,61.108677060502046,0.0,141.28040693106158,93.59110872172367,61.108677060502046
63.419913374993484,933,142.4909041056306,93.93738117051355,61.066547796133754,0.0,142.4909041056306,93.93738117051355,61.066547796133754
63.48786966598709,934,142.64139405123012,93.20271649779846,59.75242347373495,0.0,142.64139405123012,93.20271649779846,59.75242347373495
63.58817020797869,935,144.5115472446721,94.54885691686493,60.98261773692503,0.0,144.5115472446721,94.54885691686493,60.98261773692503
63.68988175000413,936,148.0623316616893,96.88668829339365,62.84184691175169,0.0,148.0623316616893,96.88668829339365,62.84184691175169
63.78563566599041,937,151.35150106148407,99.011494941784,64.4650751240501,0.0,151.35150106148407,99.011494941784,64.4650751240501
63.887256624992006,938,155.20866997034528,101.62083880470556,66.74850181139483,0.0,155.20866997034528,101.62083880470556,66.74850181139483
63.98736320799799,939,158.56437022322274,104.1185079298157,68.28224050568636,0.0,158.56437022322274,104.1185079298157,68.28224050568636
64.08945158298593,940,160.38093425483873,106.12776944631712,71.14011376647757,0.0,160.38093425483873,106.12776944631712,71.14011376647757
64.18958649999695,941,161.4116678374602,107.55913884692907,73.12587637338672,0.0,161.4116678374602,107.55913884692907,73.12587637338672
64.28834370800178,942,161.98427115270545,107.93366668133154,73.5890535232891,0.0,161.98427115270545,107.93366668133154,73.5890535232891
64.38663133300724,943,162.2183641835967,108.58384650112866,75.10626937547028,0.0,162.2183641835967,108.58384650112866,75.10626937547028
64.48884299999918,944,162.20922781447445,108.68717242245836,75.42261840656711,0.0,162.20922781447445,108.68717242245836,75.42261840656711
64.58875470800558,945,161.4849802365692,108.74060848577048,76.44017474098881,0.0,161.4849802365692,108.74060848577048,76.44017474098881
64.69036433298606,946,160.93040201810115,108.37044011966454,76.40345710515507,0.0,160.93040201810115,108.37044011966454,76.40345710515507
64.78861683298601,947,160.74831779062524,108.33970248069224,76.23205131579333,0.0,160.74831779062524,108.33970248069224,76.23205131579333
64.88794933300233,948,159.94934119151375,108.44585424643039,77.3484549416148,0.0,159.94934119151375,108.44585424643039,77.3484549416148
64.98784516600426,949,159.55447449638564,108.1750227277408,77.28466164351723,0.0,159.55447449638564,108.1750227277408,77.28466164351723
65.08923429099377,950,160.29730504003467,108.6437757942221,77.62820400957459,0.0,160.29730504003467,108.6437757942221,77.62820400957459
65.19022145800409,951,159.72571710086103,108.59233376716006,78.49306097838955,0.0,159.72571710086103,108.59233376716006,78.49306097838955
65.29118208299042,952,159.98684986089498,108.91592693450276,78.6621752251615,0.0,159.98684986089498,108.91592693450276,78.6621752251615
65.39029970800038,953,160.64283189852503,109.37263957506013,78.87541549294724,0.0,160.64283189852503,109.37263957506013,78.87541549294724
65.492565499997,954,159.89700162146357,109.38857385042958,79.72980775762517,0.0,159.89700162146357,109.38857385042958,79.72980775762517
65.58953441597987,955,159.6448539841407,109.31972356807734,80.00059125880622,0.0,159.6448539841407,109.31972356807734,80.00059125880622
65.68962504100637,956,160.93263428147938,110.19468314746847,80.69307888669302,0.0,160.93263428147938,110.19468314746847,80.69307888669302
65.7889287500002,957,161.07673146970018,110.24588514809973,80.6950350996212,0.0,161.07673146970018,110.24588514809973,80.6950350996212
65.88970087500638,958,162.22610091857675,110.8659154110238,81.09106587515994,0.0,162.22610091857675,110.8659154110238,81.09106587515994
65.98992083300254,959,162.0095602522915,111.3762566407236,81.91061067026315,0.0,162.0095602522915,111.3762566407236,81.91061067026315
66.08963029098231,960,162.68964406017048,112.03400246859533,82.843771661012,0.0,162.68964406017048,112.03400246859533,82.843771661012
66.18807816598564,961,164.39201145144185,114.26504658855613,84.86295988838947,0.0,164.39201145144185,114.26504658855613,84.86295988838947
66.28921816599905,962,167.35792416316556,121.78475451403965,95.6958859978017,0.0,167.35792416316556,121.78475451403965,95.6958859978017
66.38876800000435,963,168.6938734100799,121.73518743659184,94.50109753745797,0.0,168.6938734100799,121.73518743659184,94.50109753745797
66.48835425000289,964,165.0304771112129,117.84313336386302,91.07128004206312,0.0,165.0304771112129,117.84313336386302,91.07128004206312
66.58805595798185,965,161.64569212337133,115.11734599771017,88.42732633978794,0.0,161.64569212337133,115.11734599771017,88.42732633978794
66.6888896249875,966,159.68241658074447,113.2706657435218,86.637066258889,0.0,159.68241658074447,113.2706657435218,86.637066258889
66.78963345798547,967,157.33584309443452,110.99593177155714,84.2292105089008,0.0,157.33584309443452,110.99593177155714,84.2292105089008
66.8894876659906,968,156.2496790903389,111.04941358837121,85.02636496283948,0.0,156.2496790903389,111.04941358837121,85.02636496283948
66.98768999997992,969,155.09849288247324,110.4756193031135,84.51818080567917,0.0,155.09849288247324,110.4756193031135,84.51818080567917
67.09016937500564,970,153.64212347159454,109.18720171344933,83.43012740252432,0.0,153.64212347159454,109.18720171344933,83.43012740252432
67.18909541598987,971,154.03498823469394,108.74255023371191,82.13327317829062,0.0,154.03498823469394,108.74255023371191,82.13327317829062
67.2890774999978,972,153.68332050426233,108.54549795426888,82.21130917209373,0.0,153.68332050426233,108.54549795426888,82.21130917209373
67.38964279100765,973,153.91402624738882,108.11469279711693,80.82453795984756,0.0,153.91402624738882,108.11469279711693,80.82453795984756
67.49012016598135,974,153.01597824510284,107.4902646516395,80.6145296188908,0.0,153.01597824510284,107.4902646516395,80.6145296188908
67.58884508299525,975,152.34500094332293,107.35420270186715,80.70600032659584,0.0,152.34500094332293,107.35420270186715,80.70600032659584
67.69097224998404,976,152.4543624650002,107.01086261070076,79.58292421036627,0.0,152.4543624650002,107.01086261070076,79.58292421036627
67.78812024998479,977,152.30289995464622,106.83456936835002,79.25506516245973,0.0,152.30289995464622,106.83456936835002,79.25506516245973
67.88909904100001,978,152.52142679383516,107.1061107773563,79.35108398098495,0.0,152.52142679383516,107.1061107773563,79.35108398098495
67.98907320798025,979,153.47013371959173,106.81073657688077,78.05997237357072,0.0,153.47013371959173,106.81073657688077,78.05997237357072
68.08972404099768,980,154.43799813185507,107.84354928275432,78.97768979164728,0.0,154.43799813185507,107.84354928275432,78.97768979164728
68.18920245798654,981,155.40480519584912,108.72479040568457,79.79510477706238,0.0,155.40480519584912,108.72479040568457,79.79510477706238
68.28990624999278,982,155.7950238462958,108.18189559434424,78.26371607204722,0.0,155.7950238462958,108.18189559434424,78.26371607204722
68.38794779099408,983,154.22509046809947,107.27030668361458,77.79676130689114,0.0,154.22509046809947,107.27030668361458,77.79676130689114
68.48965433298144,984,151.74023883435592,105.05732641182131,75.86449501251941,0.0,151.74023883435592,105.05732641182131,75.86449501251941
68.58763179098605,985,151.9291766147605,105.48494417961341,75.93198023004273,0.0,151.9291766147605,105.48494417961341,75.93198023004273
68.68936708298861,986,151.1051569458982,104.62233884851194,74.97822102319913,0.0,151.1051569458982,104.62233884851194,74.97822102319913
68.78782037500059,987,155.55272686758397,107.21056995022397,76.39924860813915,0.0,155.55272686758397,107.21056995022397,76.39924860813915
68.89001933299005,988,155.09767843047905,106.58298817651415,76.02429144526451,0.0,155.09767843047905,106.58298817651415,76.02429144526451
68.98704124998767,989,154.6615542608932,106.25645452148177,75.53121739571954,0.0,154.6615542608932,106.25645452148177,75.53121739571954
69.08874745797948,990,154.1754264104345,105.76233991648316,75.25952947474379,0.0,154.1754264104345,105.76233991648316,75.25952947474379
69.18613858299796,991,153.2173775367133,105.21735305303328,74.93693983380479,0.0,153.2173775367133,105.21735305303328,74.93693983380479
69.28760533299646,992,153.07967280310893,105.32609521252738,75.19376446669264,0.0,153.07967280310893,105.32609521252738,75.19376446669264
69.38804758299375,993,152.69782489370243,104.9518297928119,74.6163063336146,0.0,152.69782489370243,104.9518297928119,74.6163063336146
69.48840162498527,994,152.33011608019848,104.76983193869837,74.5201931007794,0.0,152.33011608019848,104.76983193869837,74.5201931007794
69.58880054097972,995,153.2772624635458,105.04522952147094,73.9204064435857,0.0,153.2772624635458,105.04522952147094,73.9204064435857
69.68967812499614,996,152.8916356674142,104.79327666791437,73.86408911884831,0.0,152.8916356674142,104.79327666791437,73.86408911884831
69.78970820800168,997,152.33662373381634,104.15127960018783,73.25337593077077,0.0,152.33662373381634,104.15127960018783,73.25337593077077
69.88847979099955,998,152.76527409698306,104.55769762264464,73.687623882409,0.0,152.76527409698306,104.55769762264464,73.687623882409
